REG,MAKE,RANGE,MODEL,DERIVATIVE,PRICE_INC_VAT,COLOUR,MILEAGE,VEHICLE_TYPE,DATE_ON_FORECOURT,IMAGES
SM60DFV,Toyota,Prius,Business Edition +,1.8 VVTi Business Edition Plus 5dr CVT,"",BLUE,101807,CAR,0000-00-00,"https://stoneacre.test/images/SM60DFV_1.jpg,https://stoneacre.test/images/SM60DFV_2.jpg,https://stoneacre.test/images/SM60DFV_3.jpg,"
NF18LDB,Ford,Kuga,ST-Line,1.5 TDCi ST-Line 5dr Auto 2WD,"7,015.29",YELLOW,81382,CAR,2020-08-31,"https://stoneacre.test/images/NF18LDB_1.jpg,https://stoneacre.test/images/NF18LDB_2.jpg,https://stoneacre.test/images/NF18LDB_3.jpg,"
NQ08IQK,BMW,1-Series,Sport,116d Sport 5dr [Nav],"1,653.93",SILVER,107773,CAR,2020-06-01,"https://stoneacre.test/images/NQ08IQK_1.jpg,https://stoneacre.test/images/NQ08IQK_2.jpg,https://stoneacre.test/images/NQ08IQK_3.jpg,"
KW20BUW,Suzuki,Celerio,SZ2,1.0 SZ2 5dr,"4,828.20",RED,53836,CAR,2020-06-25,"https://stoneacre.test/images/KW20BUW_1.jpg,https://stoneacre.test/images/KW20BUW_2.jpg,https://stoneacre.test/images/KW20BUW_3.jpg,"
JJ06QEP,Peugeot,208,Tech Edition,1.2 PureTech 82 Tech Edition 5dr [Start Stop],"3,778.88",WHITE,42878,CAR,2020-09-03,"https://stoneacre.test/images/JJ06QEP_1.jpg,https://stoneacre.test/images/JJ06QEP_2.jpg,https://stoneacre.test/images/JJ06QEP_3.jpg,"
GN08NBQ,SEAT,Ibiza Sport Coupe,Sol,1.0 Sol 3dr,"4,829.36",BLACK,89710,CAR,2018-12-20,"https://stoneacre.test/images/GN08NBQ_1.jpg,https://stoneacre.test/images/GN08NBQ_2.jpg,https://stoneacre.test/images/GN08NBQ_3.jpg,"
BI16JBS,Fiat,500,Lounge,1.2 Lounge 3dr [Start Stop],"6,258.60",SILVER,38727,CAR,2019-05-18,"https://stoneacre.test/images/BI16JBS_1.jpg,https://stoneacre.test/images/BI16JBS_2.jpg,https://stoneacre.test/images/BI16JBS_3.jpg,"
FN62JDK,Fiat,500X,City Cross,1.0 City Cross 5dr,"4,657.74",GREY,57465,CAR,2019-09-19,"https://stoneacre.test/images/FN62JDK_1.jpg,https://stoneacre.test/images/FN62JDK_2.jpg,https://stoneacre.test/images/FN62JDK_3.jpg,"
JB02PPE,Peugeot,3008 SUV,Allure,1.6 BlueHDi 120 Allure 5dr,"5,339.36",BLUE,30765,CAR,2020-03-13,"https://stoneacre.test/images/JB02PPE_1.jpg,https://stoneacre.test/images/JB02PPE_2.jpg,https://stoneacre.test/images/JB02PPE_3.jpg,"
EM14OIB,Vauxhall,Corsa,Limited Edition,1.4 Limited Edition 5dr,"5,538.15",BLACK,23158,CAR,2020-06-10,"https://stoneacre.test/images/EM14OIB_1.jpg,https://stoneacre.test/images/EM14OIB_2.jpg,https://stoneacre.test/images/EM14OIB_3.jpg,"
NK58RBE,MG,ZS,Excite,1.0T GDi Excite 5dr DCT,"4,498.57",BLACK,38300,CAR,2019-12-13,"https://stoneacre.test/images/NK58RBE_1.jpg,https://stoneacre.test/images/NK58RBE_2.jpg,https://stoneacre.test/images/NK58RBE_3.jpg,"
YU14BUM,SEAT,Arona,SE Technology,1.0 TSI SE Technology 5dr,"6,015.37",PURPLE,23794,CAR,2020-11-14,"https://stoneacre.test/images/YU14BUM_1.jpg,https://stoneacre.test/images/YU14BUM_2.jpg,https://stoneacre.test/images/YU14BUM_3.jpg,"
UH50QOX,Kia,Sportage,2,1.6 CRDi ISG 2 5dr DCT Auto,"1,986.61",BLUE,27889,CAR,2019-02-10,"https://stoneacre.test/images/UH50QOX_1.jpg,https://stoneacre.test/images/UH50QOX_2.jpg,https://stoneacre.test/images/UH50QOX_3.jpg,"
KJ12LXP,Peugeot,2008 SUV,Allure,1.6 BlueHDi 100 Allure 5dr,"5,345.36",BLUE,35596,CAR,2020-06-05,"https://stoneacre.test/images/KJ12LXP_1.jpg,https://stoneacre.test/images/KJ12LXP_2.jpg,https://stoneacre.test/images/KJ12LXP_3.jpg,"
GH60QTB,Ford,C-Max,Titanium,1.5 TDCi Titanium X 5dr,"1,114.79",PURPLE,93960,CAR,2018-08-13,"https://stoneacre.test/images/GH60QTB_1.jpg,https://stoneacre.test/images/GH60QTB_2.jpg,https://stoneacre.test/images/GH60QTB_3.jpg,"
BD04RIP,Kia,Proceed,GT-Line,1.4T GDi ISG GT-Line 5dr,"3,180.62",SILVER,4038,CAR,2018-12-03,"https://stoneacre.test/images/BD04RIP_1.jpg,https://stoneacre.test/images/BD04RIP_2.jpg,https://stoneacre.test/images/BD04RIP_3.jpg,"
BP52XKI,Renault,Captur,Iconic,1.0 TCE 100 Iconic 5dr,"2,174.66",BLUE,82974,CAR,2019-05-02,"https://stoneacre.test/images/BP52XKI_1.jpg,https://stoneacre.test/images/BP52XKI_2.jpg,https://stoneacre.test/images/BP52XKI_3.jpg,"
EE20MUN,Fiat,500,Lounge,1.2 Lounge 3dr,"5,465.86",BLACK,34256,CAR,2020-05-08,"https://stoneacre.test/images/EE20MUN_1.jpg,https://stoneacre.test/images/EE20MUN_2.jpg,https://stoneacre.test/images/EE20MUN_3.jpg,"
GE10TQD,SEAT,Ateca,XCELLENCE,1.5 TSI EVO XCELLENCE [EZ] 5dr,"6,747.52",PURPLE,30598,CAR,2019-08-31,"https://stoneacre.test/images/GE10TQD_1.jpg,https://stoneacre.test/images/GE10TQD_2.jpg,https://stoneacre.test/images/GE10TQD_3.jpg,"
GI54QQD,Renault,Trafic Panel,SWB,SL28 ENERGY dCi 145 Black Edition Van,"6,207.66",GREY,23551,LCV,2019-08-30,"https://stoneacre.test/images/GI54QQD_1.jpg,https://stoneacre.test/images/GI54QQD_2.jpg,https://stoneacre.test/images/GI54QQD_3.jpg,"
GK08CEB,Renault,Trafic Panel,LWB,LL30 ENERGY dCi 120 Sport Nav Van,"2,673.56",BLUE,88975,LCV,2018-03-29,"https://stoneacre.test/images/GK08CEB_1.jpg,https://stoneacre.test/images/GK08CEB_2.jpg,https://stoneacre.test/images/GK08CEB_3.jpg,"
MR16SPS,Suzuki,Swift,Sport,1.4 Boosterjet Sport 5dr,"6,644.91",WHITE,5997,CAR,2018-12-02,"https://stoneacre.test/images/MR16SPS_1.jpg,https://stoneacre.test/images/MR16SPS_2.jpg,https://stoneacre.test/images/MR16SPS_3.jpg,"
TH10CCU,Peugeot,2008 SUV,Allure,1.6 e-HDi 115 Allure 5dr,"1,424.45",BLUE,81196,CAR,2020-01-26,"https://stoneacre.test/images/TH10CCU_1.jpg,https://stoneacre.test/images/TH10CCU_2.jpg,https://stoneacre.test/images/TH10CCU_3.jpg,"
FW62OYD,Jaguar,E-Pace,R-Dynamic,2.0d [240] R-Dynamic HSE 5dr Auto,"2,097.21",RED,109892,CAR,2019-01-20,"https://stoneacre.test/images/FW62OYD_1.jpg,https://stoneacre.test/images/FW62OYD_2.jpg,https://stoneacre.test/images/FW62OYD_3.jpg,"
WL56CCG,Renault,Trafic Panel,LWB,LL30 ENERGY dCi 145 Black Edition Van,"3,366.32",BLACK,109559,LCV,2020-07-06,"https://stoneacre.test/images/WL56CCG_1.jpg,https://stoneacre.test/images/WL56CCG_2.jpg,https://stoneacre.test/images/WL56CCG_3.jpg,"
MU14RLL,Volvo,V40,Inscription Edition,D3 [152] Inscription Edition 5dr Geartronic,"5,377.71",PURPLE,35238,CAR,2019-07-18,"https://stoneacre.test/images/MU14RLL_1.jpg,https://stoneacre.test/images/MU14RLL_2.jpg,https://stoneacre.test/images/MU14RLL_3.jpg,"
MD66YND,Volvo,V40,R-Design Edition,T2 [122] R-Design Edition 5dr Geartronic,"5,009.41",BLACK,43298,CAR,2019-09-11,"https://stoneacre.test/images/MD66YND_1.jpg,https://stoneacre.test/images/MD66YND_2.jpg,https://stoneacre.test/images/MD66YND_3.jpg,"
BC18QCM,Fiat,Ducato Maxi Panel Van,35 XLB LWB,2.3 Multijet Extra High Roof Van 180 Power,"6,666.61",SILVER,74340,LCV,2018-12-21,"https://stoneacre.test/images/BC18QCM_1.jpg,https://stoneacre.test/images/BC18QCM_2.jpg,https://stoneacre.test/images/BC18QCM_3.jpg,"
FW18BSP,Suzuki,Swift,SZ3,1.2 Dualjet SZ3 5dr,"1,145.34",RED,46148,CAR,2020-09-22,"https://stoneacre.test/images/FW18BSP_1.jpg,https://stoneacre.test/images/FW18BSP_2.jpg,https://stoneacre.test/images/FW18BSP_3.jpg,"
YG18POP,Renault,Captur,Dynamique S MediaNav Energy,1.5 dCi 90 Dynamique S MediaNav Energy 5dr,"6,189.68",BLACK,103655,CAR,2019-04-07,"https://stoneacre.test/images/YG18POP_1.jpg,https://stoneacre.test/images/YG18POP_2.jpg,https://stoneacre.test/images/YG18POP_3.jpg,"
RP06SDT,Suzuki,Vitara,S,1.4 Boosterjet S ALLGRIP 5dr,"7,932.17",BLUE,2821,CAR,2020-10-04,"https://stoneacre.test/images/RP06SDT_1.jpg,https://stoneacre.test/images/RP06SDT_2.jpg,https://stoneacre.test/images/RP06SDT_3.jpg,"
PT06RJY,Fiat,500,Lounge,1.2 Lounge 3dr,"5,531.31",GREY,43900,CAR,2019-05-27,"https://stoneacre.test/images/PT06RJY_1.jpg,https://stoneacre.test/images/PT06RJY_2.jpg,https://stoneacre.test/images/PT06RJY_3.jpg,"
HU66SRQ,Ford,Fiesta,Zetec,1.0 EcoBoost Zetec 5dr,"1,932.38",SILVER,31722,CAR,2020-02-24,"https://stoneacre.test/images/HU66SRQ_1.jpg,https://stoneacre.test/images/HU66SRQ_2.jpg,https://stoneacre.test/images/HU66SRQ_3.jpg,"
WL06YOT,Mitsubishi,Eclipse Cross,Dynamic,1.5 Dynamic 5dr,"3,824.26",PURPLE,29473,CAR,2019-10-22,"https://stoneacre.test/images/WL06YOT_1.jpg,https://stoneacre.test/images/WL06YOT_2.jpg,https://stoneacre.test/images/WL06YOT_3.jpg,"
QJ52NPB,Vauxhall,Adam,Jam,1.4i Jam 3dr,"7,978.05",BLUE,17064,CAR,2018-10-15,"https://stoneacre.test/images/QJ52NPB_1.jpg,https://stoneacre.test/images/QJ52NPB_2.jpg,https://stoneacre.test/images/QJ52NPB_3.jpg,"
LN68TFI,Volvo,S90,R-Design Plus,2.0 D4 R-Design Plus 4dr Geartronic,"1,667.30",WHITE,36772,CAR,2018-06-21,"https://stoneacre.test/images/LN68TFI_1.jpg,https://stoneacre.test/images/LN68TFI_2.jpg,https://stoneacre.test/images/LN68TFI_3.jpg,"
YM56YOP,Peugeot,208,Tech Edition,1.2 PureTech 82 Tech Edition 5dr [Start Stop],"4,604.18",BLACK,100035,CAR,2018-07-24,"https://stoneacre.test/images/YM56YOP_1.jpg,https://stoneacre.test/images/YM56YOP_2.jpg,https://stoneacre.test/images/YM56YOP_3.jpg,"
DK50DMR,Nissan,Micra,Vibe,1.2 Vibe 5dr,"1,855.27",BLUE,23709,CAR,2019-04-14,"https://stoneacre.test/images/DK50DMR_1.jpg,https://stoneacre.test/images/DK50DMR_2.jpg,https://stoneacre.test/images/DK50DMR_3.jpg,"
FD20JQF,Fiat,Doblo Cargo Panel Van,Sportivo,1.6 Multijet 16V 120 Sportivo Van Start Stop,"6,976.14",YELLOW,74043,LCV,2018-09-14,"https://stoneacre.test/images/FD20JQF_1.jpg,https://stoneacre.test/images/FD20JQF_2.jpg,https://stoneacre.test/images/FD20JQF_3.jpg,"
MU60KRL,Hyundai,i40,SE Nav,1.7 CRDi Blue Drive SE Nav 4dr,"2,684.72",PURPLE,81285,CAR,2018-06-21,"https://stoneacre.test/images/MU60KRL_1.jpg,https://stoneacre.test/images/MU60KRL_2.jpg,https://stoneacre.test/images/MU60KRL_3.jpg,"
SD66UHK,Volvo,S60,R-Design Edition,2.0 T5 R-Design Edition 4dr Auto,"1,435.98",PURPLE,8216,CAR,2019-12-19,"https://stoneacre.test/images/SD66UHK_1.jpg,https://stoneacre.test/images/SD66UHK_2.jpg,https://stoneacre.test/images/SD66UHK_3.jpg,"
MB12HTQ,Fiat,500X,Pop Star,1.4 Multiair Pop Star 5dr,"4,109.54",RED,112825,CAR,2020-05-28,"https://stoneacre.test/images/MB12HTQ_1.jpg,https://stoneacre.test/images/MB12HTQ_2.jpg,https://stoneacre.test/images/MB12HTQ_3.jpg,"
KL66JWU,Suzuki,Celerio,SZ2,1.0 SZ2 5dr,"6,512.13",SILVER,107310,CAR,2020-02-08,"https://stoneacre.test/images/KL66JWU_1.jpg,https://stoneacre.test/images/KL66JWU_2.jpg,https://stoneacre.test/images/KL66JWU_3.jpg,"
HE02UMI,Volvo,V60,Cross Country Lux Nav,D4 [190] Cross Country Lux Nav 5dr AWD Geartronic,"2,394.61",YELLOW,68798,CAR,2019-11-14,"https://stoneacre.test/images/HE02UMI_1.jpg,https://stoneacre.test/images/HE02UMI_2.jpg,https://stoneacre.test/images/HE02UMI_3.jpg,"
MG16XIN,Peugeot,208,Tech Edition,1.5 BlueHDi Tech Edition 5dr [5 Speed],"3,109.43",SILVER,112465,CAR,2020-01-04,"https://stoneacre.test/images/MG16XIN_1.jpg,https://stoneacre.test/images/MG16XIN_2.jpg,https://stoneacre.test/images/MG16XIN_3.jpg,"
JN18EVW,Volvo,XC60,R-Design Lux Nav,D5 [220] R DESIGN Lux Nav 5dr AWD Geartronic,"6,469.43",WHITE,113544,CAR,2020-04-13,"https://stoneacre.test/images/JN18EVW_1.jpg,https://stoneacre.test/images/JN18EVW_2.jpg,https://stoneacre.test/images/JN18EVW_3.jpg,"
TO08QOB,Suzuki,Swift,SZ3,1.2 SZ3 3dr,"3,553.53",SILVER,111508,CAR,2020-06-20,"https://stoneacre.test/images/TO08QOB_1.jpg,https://stoneacre.test/images/TO08QOB_2.jpg,https://stoneacre.test/images/TO08QOB_3.jpg,"
IH50USS,Fiat,Ducato Dropside,35 LWB,2.3 Multijet Dropside 140,"7,399.47",SILVER,100928,CAR,2019-01-08,"https://stoneacre.test/images/IH50USS_1.jpg,https://stoneacre.test/images/IH50USS_2.jpg,https://stoneacre.test/images/IH50USS_3.jpg,"
UV50BWC,Peugeot,208,Active,1.2 PureTech 82 Active 3dr,"5,801.21",BLUE,44272,CAR,2020-10-09,"https://stoneacre.test/images/UV50BWC_1.jpg,https://stoneacre.test/images/UV50BWC_2.jpg,https://stoneacre.test/images/UV50BWC_3.jpg,"
YU68PDD,Fiat,500X,Pop Star,1.4 Multiair Pop Star 5dr,"6,346.49",GREY,58692,CAR,2019-07-04,"https://stoneacre.test/images/YU68PDD_1.jpg,https://stoneacre.test/images/YU68PDD_2.jpg,https://stoneacre.test/images/YU68PDD_3.jpg,"
QY56IGS,Suzuki,Swift,SZ-T,1.0 Boosterjet SZ-T 5dr,"4,912.28",BLUE,97683,CAR,2019-02-13,"https://stoneacre.test/images/QY56IGS_1.jpg,https://stoneacre.test/images/QY56IGS_2.jpg,https://stoneacre.test/images/QY56IGS_3.jpg,"
XD64SHQ,Fiat,500X,Pop,1.6 E-torQ Pop 5dr,"7,285.89",WHITE,70806,CAR,2020-07-08,"https://stoneacre.test/images/XD64SHQ_1.jpg,https://stoneacre.test/images/XD64SHQ_2.jpg,https://stoneacre.test/images/XD64SHQ_3.jpg,"
KP52REM,Fiat,500,Lounge,1.2 Lounge 3dr,"4,863.61",BLUE,22167,CAR,2020-05-03,"https://stoneacre.test/images/KP52REM_1.jpg,https://stoneacre.test/images/KP52REM_2.jpg,https://stoneacre.test/images/KP52REM_3.jpg,"
YN14TQF,Volvo,V90,Cross Country Plus,2.0 D4 Cross Country Plus 5dr Geartronic,"1,735.91",PURPLE,73692,CAR,2020-08-17,"https://stoneacre.test/images/YN14TQF_1.jpg,https://stoneacre.test/images/YN14TQF_2.jpg,https://stoneacre.test/images/YN14TQF_3.jpg,"
XY64WUP,Honda,Jazz,EX Navi,1.3 EX Navi 5dr CVT,"4,070.84",WHITE,107055,CAR,2019-09-30,"https://stoneacre.test/images/XY64WUP_1.jpg,https://stoneacre.test/images/XY64WUP_2.jpg,https://stoneacre.test/images/XY64WUP_3.jpg,"
OQ16XER,Nissan,X-Trail,Acenta Premium,1.7 dCi Acenta Premium 5dr [7 Seat],"1,647.15",WHITE,108149,CAR,2020-03-18,"https://stoneacre.test/images/OQ16XER_1.jpg,https://stoneacre.test/images/OQ16XER_2.jpg,https://stoneacre.test/images/OQ16XER_3.jpg,"
TH08ORU,Ford,Focus,ST-Line,1.5 TDCi 120 ST-Line 5dr,"6,397.52",WHITE,77306,CAR,2018-03-25,"https://stoneacre.test/images/TH08ORU_1.jpg,https://stoneacre.test/images/TH08ORU_2.jpg,https://stoneacre.test/images/TH08ORU_3.jpg,"
NU62IJO,Vauxhall,Corsa,Energy,1.4 Energy 3dr [AC],"6,719.33",RED,57803,CAR,2018-03-09,"https://stoneacre.test/images/NU62IJO_1.jpg,https://stoneacre.test/images/NU62IJO_2.jpg,https://stoneacre.test/images/NU62IJO_3.jpg,"
MT02XJG,Fiat,500X,120th Anniversary,1.0 120th Anniversary 5dr,"4,297.95",SILVER,37234,CAR,2020-02-20,"https://stoneacre.test/images/MT02XJG_1.jpg,https://stoneacre.test/images/MT02XJG_2.jpg,https://stoneacre.test/images/MT02XJG_3.jpg,"
IW20ENF,Mazda,3 Saloon,GT Sport Tech,2.0 Skyactiv-X MHEV GT Sport Tech 4dr,"7,233.08",YELLOW,20723,CAR,2019-11-22,"https://stoneacre.test/images/IW20ENF_1.jpg,https://stoneacre.test/images/IW20ENF_2.jpg,https://stoneacre.test/images/IW20ENF_3.jpg,"
JN50UFD,Skoda,Fabia,SE L,1.0 MPI 75 SE L 5dr,"7,372.74",RED,100243,CAR,2019-10-16,"https://stoneacre.test/images/JN50UFD_1.jpg,https://stoneacre.test/images/JN50UFD_2.jpg,https://stoneacre.test/images/JN50UFD_3.jpg,"
PM02BBQ,Skoda,Yeti Outdoor,SE,2.0 TDI CR [140] SE 4x4 5dr DSG,"5,237.73",GREY,70668,CAR,2018-12-25,"https://stoneacre.test/images/PM02BBQ_1.jpg,https://stoneacre.test/images/PM02BBQ_2.jpg,https://stoneacre.test/images/PM02BBQ_3.jpg,"
IN60RME,Peugeot,308,Allure,1.5 BlueHDi 130 Allure 5dr EAT8,"7,005.30",GREY,114154,CAR,2019-08-14,"https://stoneacre.test/images/IN60RME_1.jpg,https://stoneacre.test/images/IN60RME_2.jpg,https://stoneacre.test/images/IN60RME_3.jpg,"
HL12EOB,Kia,Optima,2,1.6 CRDi ISG 2 4dr,"2,556.76",BLACK,106833,CAR,2020-01-01,"https://stoneacre.test/images/HL12EOB_1.jpg,https://stoneacre.test/images/HL12EOB_2.jpg,https://stoneacre.test/images/HL12EOB_3.jpg,"
WV66GHN,Ford,Ka+,Zetec,1.2 Zetec 5dr,"1,759.30",RED,115846,CAR,2020-11-13,"https://stoneacre.test/images/WV66GHN_1.jpg,https://stoneacre.test/images/WV66GHN_2.jpg,https://stoneacre.test/images/WV66GHN_3.jpg,"
FR04LNR,Fiat,Panda,Trussardi,1.2 Trussardi 5dr,"7,436.71",BLUE,99067,CAR,2019-07-21,"https://stoneacre.test/images/FR04LNR_1.jpg,https://stoneacre.test/images/FR04LNR_2.jpg,https://stoneacre.test/images/FR04LNR_3.jpg,"
FB50XOI,Nissan,Leaf,Tekna,80kW Tekna 24kWh 5dr Auto,"5,058.59",BLUE,53126,CAR,2020-04-03,"https://stoneacre.test/images/FB50XOI_1.jpg,https://stoneacre.test/images/FB50XOI_2.jpg,https://stoneacre.test/images/FB50XOI_3.jpg,"
LQ68TXR,Ford,Focus,ST,2.0 EcoBlue 190 ST 5dr,"2,195.73",PURPLE,18007,CAR,2019-09-25,"https://stoneacre.test/images/LQ68TXR_1.jpg,https://stoneacre.test/images/LQ68TXR_2.jpg,https://stoneacre.test/images/LQ68TXR_3.jpg,"
PP64QEB,Vauxhall,Corsa,SE,1.4 ecoFLEX SE 5dr,"7,211.58",SILVER,2031,CAR,2018-06-19,"https://stoneacre.test/images/PP64QEB_1.jpg,https://stoneacre.test/images/PP64QEB_2.jpg,https://stoneacre.test/images/PP64QEB_3.jpg,"
XB02HHF,Nissan,Qashqai,Acenta Premium,1.3 DiG-T Acenta Premium 5dr,"5,841.40",PURPLE,37337,CAR,2018-08-21,"https://stoneacre.test/images/XB02HHF_1.jpg,https://stoneacre.test/images/XB02HHF_2.jpg,https://stoneacre.test/images/XB02HHF_3.jpg,"
EF04FGV,Fiat,Ducato Panel Van,35 LWB,2.3 Multijet High Roof Van 160 Auto,"6,335.21",YELLOW,83864,LCV,2020-02-10,"https://stoneacre.test/images/EF04FGV_1.jpg,https://stoneacre.test/images/EF04FGV_2.jpg,https://stoneacre.test/images/EF04FGV_3.jpg,"
CG64SWN,Suzuki,Vitara,SZ5,1.4 Boosterjet SZ5 ALLGRIP 5dr Auto,"5,521.13",GREY,48174,CAR,2018-08-15,"https://stoneacre.test/images/CG64SWN_1.jpg,https://stoneacre.test/images/CG64SWN_2.jpg,https://stoneacre.test/images/CG64SWN_3.jpg,"
TM62GCV,Fiat,500,Lounge,1.2 Lounge 3dr,"6,847.60",WHITE,86346,CAR,2018-10-30,"https://stoneacre.test/images/TM62GCV_1.jpg,https://stoneacre.test/images/TM62GCV_2.jpg,https://stoneacre.test/images/TM62GCV_3.jpg,"
QF12GHE,BMW,2-Series,M Sport,218d M Sport 5dr,"4,823.71",SILVER,42317,CAR,2019-10-05,"https://stoneacre.test/images/QF12GHE_1.jpg,https://stoneacre.test/images/QF12GHE_2.jpg,https://stoneacre.test/images/QF12GHE_3.jpg,"
WE54ROM,Alfa Romeo,Giulietta,Base,1.4 TB 5dr,"6,990.34",YELLOW,9139,CAR,2020-06-27,"https://stoneacre.test/images/WE54ROM_1.jpg,https://stoneacre.test/images/WE54ROM_2.jpg,https://stoneacre.test/images/WE54ROM_3.jpg,"
UV50DIU,Hyundai,i10,SE,Hyundai i10 SE 1.0 5dr,"3,425.92",SILVER,48893,CAR,2020-02-24,"https://stoneacre.test/images/UV50DIU_1.jpg,https://stoneacre.test/images/UV50DIU_2.jpg,https://stoneacre.test/images/UV50DIU_3.jpg,"
GB58TMM,Peugeot,Expert Panel,Long,1200 1.6 BlueHDi 95 Professional Van,"4,914.73",BLUE,88910,LCV,2019-08-28,"https://stoneacre.test/images/GB58TMM_1.jpg,https://stoneacre.test/images/GB58TMM_2.jpg,https://stoneacre.test/images/GB58TMM_3.jpg,"
HS14YVQ,Volvo,V40,R-Design Edition,T2 [122] R-Design Edition 5dr Geartronic,"2,748.13",BLACK,84624,CAR,2018-09-27,"https://stoneacre.test/images/HS14YVQ_1.jpg,https://stoneacre.test/images/HS14YVQ_2.jpg,https://stoneacre.test/images/HS14YVQ_3.jpg,"
HY16EVW,SEAT,Arona,FR Sport,1.0 TSI 115 FR Sport [EZ] 5dr DSG,"2,407.78",BLACK,82321,CAR,2019-12-15,"https://stoneacre.test/images/HY16EVW_1.jpg,https://stoneacre.test/images/HY16EVW_2.jpg,https://stoneacre.test/images/HY16EVW_3.jpg,"
CC66LCW,Fiat,500X,City Cross,1.0 City Cross 5dr,"3,378.37",YELLOW,100379,CAR,2018-08-03,"https://stoneacre.test/images/CC66LCW_1.jpg,https://stoneacre.test/images/CC66LCW_2.jpg,https://stoneacre.test/images/CC66LCW_3.jpg,"
GF50VVX,Audi,A1,Sport,30 TFSI Sport 5dr,"2,249.46",SILVER,43517,CAR,2019-10-09,"https://stoneacre.test/images/GF50VVX_1.jpg,https://stoneacre.test/images/GF50VVX_2.jpg,https://stoneacre.test/images/GF50VVX_3.jpg,"
DU66HYH,Ford,Focus,Titanium,1.5 EcoBlue 120 Titanium 5dr,"7,297.64",YELLOW,69737,CAR,2019-09-23,"https://stoneacre.test/images/DU66HYH_1.jpg,https://stoneacre.test/images/DU66HYH_2.jpg,https://stoneacre.test/images/DU66HYH_3.jpg,"
RK62NFJ,BMW,1-Series,M Sport,125d M Sport 3dr,"2,022.56",BLUE,20637,CAR,2020-02-20,"https://stoneacre.test/images/RK62NFJ_1.jpg,https://stoneacre.test/images/RK62NFJ_2.jpg,https://stoneacre.test/images/RK62NFJ_3.jpg,"
VC66ICC,Volkswagen,Touareg,R-Line Tech,3.0 V6 TDI 4Motion R Line Tech 5dr Tip Auto,"5,074.57",YELLOW,55357,CAR,2020-11-07,"https://stoneacre.test/images/VC66ICC_1.jpg,https://stoneacre.test/images/VC66ICC_2.jpg,https://stoneacre.test/images/VC66ICC_3.jpg,"
LT66QJC,Vauxhall,Mokka X,Design Nav,1.6CDTi [136] Design Nav 5dr,"3,377.43",GREY,23924,CAR,2019-08-08,"https://stoneacre.test/images/LT66QJC_1.jpg,https://stoneacre.test/images/LT66QJC_2.jpg,https://stoneacre.test/images/LT66QJC_3.jpg,"
HR66XEK,BMW,X1,M Sport,xDrive 25d M Sport 5dr Step Auto,"1,570.47",RED,88294,CAR,2018-06-25,"https://stoneacre.test/images/HR66XEK_1.jpg,https://stoneacre.test/images/HR66XEK_2.jpg,https://stoneacre.test/images/HR66XEK_3.jpg,"
QX08MXE,Lexus,CT,SE-L Premier,200h 1.8 SE-L Premier 5dr CVT Auto,"3,593.01",RED,79549,CAR,2019-06-18,"https://stoneacre.test/images/QX08MXE_1.jpg,https://stoneacre.test/images/QX08MXE_2.jpg,https://stoneacre.test/images/QX08MXE_3.jpg,"
GC14PVI,Vauxhall,Viva,SE,1.0 SE 5dr,"6,564.12",BLUE,103935,CAR,2020-01-19,"https://stoneacre.test/images/GC14PVI_1.jpg,https://stoneacre.test/images/GC14PVI_2.jpg,https://stoneacre.test/images/GC14PVI_3.jpg,"
QF14KEQ,Renault,Trafic Panel,LWB,LL30 ENERGY dCi 145 Sport Nav Van,"1,739.86",WHITE,42187,LCV,2018-05-18,"https://stoneacre.test/images/QF14KEQ_1.jpg,https://stoneacre.test/images/QF14KEQ_2.jpg,https://stoneacre.test/images/QF14KEQ_3.jpg,"
LU18IFQ,Citroen,Dispatch Panel Van,M,1400 2.0 BlueHDi 150 Van Driver,"5,998.50",BLACK,40456,LCV,2018-03-17,"https://stoneacre.test/images/LU18IFQ_1.jpg,https://stoneacre.test/images/LU18IFQ_2.jpg,https://stoneacre.test/images/LU18IFQ_3.jpg,"
EV06WFG,BMW,4-Series,M Sport,420d [190] M Sport 5dr Auto [Professional Media],"1,272.18",SILVER,31398,CAR,2019-12-30,
XS62BUL,Vauxhall,Astra,SRI,1.4T 16V 150 SRi 5dr,"5,257.09",SILVER,92259,CAR,2020-05-25,"https://stoneacre.test/images/XS62BUL_1.jpg,https://stoneacre.test/images/XS62BUL_2.jpg,https://stoneacre.test/images/XS62BUL_3.jpg,"
QM50IEM,Kia,Venga,3,1.6 CRDi ISG 3 5dr,"1,402.90",BLUE,37286,CAR,2020-01-16,"https://stoneacre.test/images/QM50IEM_1.jpg,https://stoneacre.test/images/QM50IEM_2.jpg,https://stoneacre.test/images/QM50IEM_3.jpg,"
TK62YHE,Volkswagen,Polo,Match,1.0 Match 3dr,"6,153.22",WHITE,110829,CAR,2019-06-23,"https://stoneacre.test/images/TK62YHE_1.jpg,https://stoneacre.test/images/TK62YHE_2.jpg,https://stoneacre.test/images/TK62YHE_3.jpg,"
BC08FBX,Vauxhall,Mokka X,Elite,1.4T Elite Nav 5dr Auto,"4,852.87",GREY,22492,CAR,2020-09-29,"https://stoneacre.test/images/BC08FBX_1.jpg,https://stoneacre.test/images/BC08FBX_2.jpg,https://stoneacre.test/images/BC08FBX_3.jpg,"
LJ54EHL,Volvo,S90,Momentum Pro,2.0 D4 Momentum Pro 4dr Geartronic,"5,563.52",BLACK,5397,CAR,2019-11-04,"https://stoneacre.test/images/LJ54EHL_1.jpg,https://stoneacre.test/images/LJ54EHL_2.jpg,https://stoneacre.test/images/LJ54EHL_3.jpg,"
PW16BQM,Fiat,500,Pop,1.2 Pop 3dr,"5,288.98",SILVER,7900,CAR,2019-06-03,"https://stoneacre.test/images/PW16BQM_1.jpg,https://stoneacre.test/images/PW16BQM_2.jpg,https://stoneacre.test/images/PW16BQM_3.jpg,"
DG08GYH,Ford,Focus,ST-2,2.0 TDCi 185 ST-2 5dr,"4,880.71",YELLOW,70300,CAR,2018-08-24,"https://stoneacre.test/images/DG08GYH_1.jpg,https://stoneacre.test/images/DG08GYH_2.jpg,https://stoneacre.test/images/DG08GYH_3.jpg,"
MU06XBR,Volvo,S90,Momentum,2.0 D4 Momentum 4dr Geartronic,"5,740.72",YELLOW,76681,CAR,2018-06-07,"https://stoneacre.test/images/MU06XBR_1.jpg,https://stoneacre.test/images/MU06XBR_2.jpg,https://stoneacre.test/images/MU06XBR_3.jpg,"
DU64BEW,Fiat,500L,Pop Star,1.3 Multijet 95 Pop Star 5dr,"1,563.40",RED,14650,CAR,2020-05-24,"https://stoneacre.test/images/DU64BEW_1.jpg,https://stoneacre.test/images/DU64BEW_2.jpg,https://stoneacre.test/images/DU64BEW_3.jpg,"
NM68YPL,SEAT,Ateca,XCELLENCE,2.0 TDI Xcellence 5dr 4Drive,"7,901.11",BLUE,88586,CAR,2019-11-04,"https://stoneacre.test/images/NM68YPL_1.jpg,https://stoneacre.test/images/NM68YPL_2.jpg,https://stoneacre.test/images/NM68YPL_3.jpg,"
MR50VLG,Volkswagen,Polo,Match,1.2 TSI Match 5dr DSG,"7,318.53",WHITE,7676,CAR,2020-10-27,"https://stoneacre.test/images/MR50VLG_1.jpg,https://stoneacre.test/images/MR50VLG_2.jpg,https://stoneacre.test/images/MR50VLG_3.jpg,"
QV18OQD,Kia,Proceed,GT,1.6T GDi ISG GT 5dr DCT,"1,503.51",SILVER,20693,CAR,2020-03-17,"https://stoneacre.test/images/QV18OQD_1.jpg,https://stoneacre.test/images/QV18OQD_2.jpg,https://stoneacre.test/images/QV18OQD_3.jpg,"
OB10TRW,Citroen,C1,Feel,1.0 VTi Feel 3dr,"1,291.74",BLUE,25743,CAR,2020-05-11,"https://stoneacre.test/images/OB10TRW_1.jpg,https://stoneacre.test/images/OB10TRW_2.jpg,https://stoneacre.test/images/OB10TRW_3.jpg,"
NH52UMP,Nissan,Qashqai,Tekna,1.6 dCi Tekna 5dr Xtronic,"5,117.43",BLACK,70605,CAR,2020-03-23,"https://stoneacre.test/images/NH52UMP_1.jpg,https://stoneacre.test/images/NH52UMP_2.jpg,https://stoneacre.test/images/NH52UMP_3.jpg,"
UF50RHW,Hyundai,i10,SE,Hyundai i10 SE 1.0 5dr,"1,657.37",BLUE,30270,CAR,2019-02-07,"https://stoneacre.test/images/UF50RHW_1.jpg,https://stoneacre.test/images/UF50RHW_2.jpg,https://stoneacre.test/images/UF50RHW_3.jpg,"
IX14EMH,Vauxhall,Mokka X,Griffin Plus,1.4T Griffin Plus 5dr,"6,321.51",RED,81310,CAR,2019-12-10,"https://stoneacre.test/images/IX14EMH_1.jpg,https://stoneacre.test/images/IX14EMH_2.jpg,https://stoneacre.test/images/IX14EMH_3.jpg,"
LW18MUE,Fiat,500,Lounge,1.2 Lounge 3dr,"4,971.78",YELLOW,113559,CAR,2018-06-30,"https://stoneacre.test/images/LW18MUE_1.jpg,https://stoneacre.test/images/LW18MUE_2.jpg,https://stoneacre.test/images/LW18MUE_3.jpg,"
OB10UBJ,Ford,EcoSport,Zetec,1.0 EcoBoost Zetec 5dr,"3,073.81",PURPLE,75764,CAR,2020-04-03,"https://stoneacre.test/images/OB10UBJ_1.jpg,https://stoneacre.test/images/OB10UBJ_2.jpg,https://stoneacre.test/images/OB10UBJ_3.jpg,"
FL68DBS,Volvo,V40,R-Design Edition,D2 [122] R-Design Edition 5dr Geartronic,"2,835.36",YELLOW,99568,CAR,2020-10-13,"https://stoneacre.test/images/FL68DBS_1.jpg,https://stoneacre.test/images/FL68DBS_2.jpg,https://stoneacre.test/images/FL68DBS_3.jpg,"
EP52BVI,Renault,Megane Sport Tourer,GT Line,1.3 TCE GT Line 5dr,"7,116.82",YELLOW,68805,CAR,2019-12-19,"https://stoneacre.test/images/EP52BVI_1.jpg,https://stoneacre.test/images/EP52BVI_2.jpg,https://stoneacre.test/images/EP52BVI_3.jpg,"
XK12MCI,Renault,Trafic Minibus,LWB,LL30 ENERGY dCi 120 Sport Nav 9 Seater,"7,869.19",BLUE,38182,CAR,2020-01-20,"https://stoneacre.test/images/XK12MCI_1.jpg,https://stoneacre.test/images/XK12MCI_2.jpg,https://stoneacre.test/images/XK12MCI_3.jpg,"
CT68KRH,Peugeot,3008 SUV,GT Line,2.0 BlueHDi 180 GT Line 5dr EAT8,"5,621.65",BLACK,75473,CAR,2019-01-08,"https://stoneacre.test/images/CT68KRH_1.jpg,https://stoneacre.test/images/CT68KRH_2.jpg,https://stoneacre.test/images/CT68KRH_3.jpg,"
RB56USX,Kia,Proceed,GT-Line Lunar Edition,1.4T GDi ISG GT-Line Lunar Edition 5dr DCT,"1,413.85",SILVER,77930,CAR,2020-01-30,"https://stoneacre.test/images/RB56USX_1.jpg,https://stoneacre.test/images/RB56USX_2.jpg,https://stoneacre.test/images/RB56USX_3.jpg,"
TR08OIY,Volvo,XC40,Inscription Pro,2.0 D4 [190] Inscription Pro 5dr AWD Geartronic,"2,837.28",BLACK,118815,CAR,2018-12-13,"https://stoneacre.test/images/TR08OIY_1.jpg,https://stoneacre.test/images/TR08OIY_2.jpg,https://stoneacre.test/images/TR08OIY_3.jpg,"
PG50NGX,Skoda,Citigo,SE L,1.0 MPI 75 GreenTech SE L 3dr,"4,341.65",SILVER,92222,CAR,2020-10-27,"https://stoneacre.test/images/PG50NGX_1.jpg,https://stoneacre.test/images/PG50NGX_2.jpg,https://stoneacre.test/images/PG50NGX_3.jpg,"
VE56FCT,Mazda,6,GT Sport Nav+,2.2d GT Sport Nav+ 4dr,"6,761.61",GREY,19788,CAR,2020-04-06,"https://stoneacre.test/images/VE56FCT_1.jpg,https://stoneacre.test/images/VE56FCT_2.jpg,https://stoneacre.test/images/VE56FCT_3.jpg,"
BF60DQX,Peugeot,2008 SUV,Allure,1.2 PureTech 110 Allure 5dr,"2,156.94",PURPLE,94058,CAR,2019-12-05,"https://stoneacre.test/images/BF60DQX_1.jpg,https://stoneacre.test/images/BF60DQX_2.jpg,https://stoneacre.test/images/BF60DQX_3.jpg,"
IR54TGQ,Suzuki,Vitara,SZ-T,1.0 Boosterjet SZ-T 5dr Auto,"7,889.93",WHITE,12853,CAR,2019-10-12,
CR04WHJ,MG,ZS,Excite,1.0T GDi Excite 5dr DCT,"5,397.84",PURPLE,32510,CAR,2019-08-29,"https://stoneacre.test/images/CR04WHJ_1.jpg,https://stoneacre.test/images/CR04WHJ_2.jpg,https://stoneacre.test/images/CR04WHJ_3.jpg,"
JU54PIM,Peugeot,208,Tech Edition,1.2 PureTech 82 Tech Edition 5dr [Start Stop],"1,417.80",PURPLE,4538,CAR,2018-10-01,"https://stoneacre.test/images/JU54PIM_1.jpg,https://stoneacre.test/images/JU54PIM_2.jpg,https://stoneacre.test/images/JU54PIM_3.jpg,"
XQ16XPJ,Audi,A4,Ultra,2.0 TDI Ultra 163 SE Technik 4dr,"7,350.77",RED,67185,CAR,2018-11-24,"https://stoneacre.test/images/XQ16XPJ_1.jpg,https://stoneacre.test/images/XQ16XPJ_2.jpg,https://stoneacre.test/images/XQ16XPJ_3.jpg,"
QO66GPS,SEAT,Alhambra,SE,2.0 TDI CR Ecomotive SE [150] 5dr,"5,539.42",BLACK,31033,CAR,2019-12-20,"https://stoneacre.test/images/QO66GPS_1.jpg,https://stoneacre.test/images/QO66GPS_2.jpg,https://stoneacre.test/images/QO66GPS_3.jpg,"
VM14GYW,Fiat,500,Pop,1.2 Pop 3dr,"5,578.32",BLACK,7214,CAR,2020-10-31,"https://stoneacre.test/images/VM14GYW_1.jpg,https://stoneacre.test/images/VM14GYW_2.jpg,https://stoneacre.test/images/VM14GYW_3.jpg,"
VQ10GIK,Ford,Kuga,ST-Line X,1.5 TDCi ST-Line X 5dr 2WD,"6,971.54",RED,89241,CAR,2019-02-13,"https://stoneacre.test/images/VQ10GIK_1.jpg,https://stoneacre.test/images/VQ10GIK_2.jpg,https://stoneacre.test/images/VQ10GIK_3.jpg,"
XB54BCV,Peugeot,208,GT Line,1.2 PureTech 110 GT Line 5dr,"7,284.83",SILVER,52137,CAR,2018-05-26,"https://stoneacre.test/images/XB54BCV_1.jpg,https://stoneacre.test/images/XB54BCV_2.jpg,https://stoneacre.test/images/XB54BCV_3.jpg,"
EM12QWD,Ford,Focus,Titanium,1.0 EcoBoost 125 Titanium 5dr Auto,"7,647.71",SILVER,113786,CAR,2018-09-10,"https://stoneacre.test/images/EM12QWD_1.jpg,https://stoneacre.test/images/EM12QWD_2.jpg,https://stoneacre.test/images/EM12QWD_3.jpg,"
KN68BTT,Peugeot,308,Allure,1.5 BlueHDi 130 Allure 5dr EAT6,"4,014.46",PURPLE,21152,CAR,2019-08-31,"https://stoneacre.test/images/KN68BTT_1.jpg,https://stoneacre.test/images/KN68BTT_2.jpg,https://stoneacre.test/images/KN68BTT_3.jpg,"
VB56FQR,BMW,5-Series,M Sport,520d [190] M Sport 4dr Step Auto,"2,277.26",BLACK,53512,CAR,2018-09-26,"https://stoneacre.test/images/VB56FQR_1.jpg,https://stoneacre.test/images/VB56FQR_2.jpg,https://stoneacre.test/images/VB56FQR_3.jpg,"
VN02SEU,Peugeot,308,Allure,1.5 BlueHDi 130 Allure 5dr EAT8,"6,237.31",YELLOW,79361,CAR,2020-02-14,"https://stoneacre.test/images/VN02SEU_1.jpg,https://stoneacre.test/images/VN02SEU_2.jpg,https://stoneacre.test/images/VN02SEU_3.jpg,"
KT16MVL,Renault,Master Panel,LWB,LM35dCi 135 Business+ Medium Roof Van,"3,085.63",YELLOW,20118,LCV,2019-10-20,"https://stoneacre.test/images/KT16MVL_1.jpg,https://stoneacre.test/images/KT16MVL_2.jpg,https://stoneacre.test/images/KT16MVL_3.jpg,"
LE54BSP,Volkswagen,Scirocco,Tech R Line,2.0 TDi 184 BlueMotion Tech R Line 3dr,"4,682.35",YELLOW,55980,CAR,2019-01-01,"https://stoneacre.test/images/LE54BSP_1.jpg,https://stoneacre.test/images/LE54BSP_2.jpg,https://stoneacre.test/images/LE54BSP_3.jpg,"
OU62CES,Fiat,Panda,City Cross,1.2 City Cross 5dr,"4,471.39",PURPLE,99170,CAR,2019-07-04,"https://stoneacre.test/images/OU62CES_1.jpg,https://stoneacre.test/images/OU62CES_2.jpg,https://stoneacre.test/images/OU62CES_3.jpg,"
YX56IDU,SEAT,Leon,SE,1.4 TSI 125 SE 5dr [Technology Pack],"6,472.55",WHITE,82257,CAR,2020-04-22,"https://stoneacre.test/images/YX56IDU_1.jpg,https://stoneacre.test/images/YX56IDU_2.jpg,https://stoneacre.test/images/YX56IDU_3.jpg,"
DN14WXW,Citroen,Berlingo,Feel M,1.2 PureTech Feel M 5dr,"3,917.87",PURPLE,113833,CAR,2020-01-04,"https://stoneacre.test/images/DN14WXW_1.jpg,https://stoneacre.test/images/DN14WXW_2.jpg,https://stoneacre.test/images/DN14WXW_3.jpg,"
SC08FKS,Mercedes-Benz,GLA,AMG Line,GLA 250 4Matic AMG Line 5dr Auto [Premium Plus],"7,103.66",GREY,89845,CAR,2020-01-26,"https://stoneacre.test/images/SC08FKS_1.jpg,https://stoneacre.test/images/SC08FKS_2.jpg,https://stoneacre.test/images/SC08FKS_3.jpg,"
XG52TPI,Mazda,CX-5,Sport Nav,2.2d [175] Sport Nav 5dr AWD Auto,"7,674.44",GREY,111701,CAR,2019-12-16,"https://stoneacre.test/images/XG52TPI_1.jpg,https://stoneacre.test/images/XG52TPI_2.jpg,https://stoneacre.test/images/XG52TPI_3.jpg,"
IR54KNC,Peugeot,208,Tech Edition,1.2 PureTech 110 Tech Edition 5dr EAT6,"5,083.39",RED,64922,CAR,2020-04-06,"https://stoneacre.test/images/IR54KNC_1.jpg,https://stoneacre.test/images/IR54KNC_2.jpg,https://stoneacre.test/images/IR54KNC_3.jpg,"
SB62DYV,Ford,Ranger,Wildtrak,Pick Up Double Cab Wildtrak 2.0 TDCi 213,"4,042.43",BLUE,20595,CAR,2019-06-06,"https://stoneacre.test/images/SB62DYV_1.jpg,https://stoneacre.test/images/SB62DYV_2.jpg,https://stoneacre.test/images/SB62DYV_3.jpg,"
IN16VVP,Kia,Picanto,2,1.25 2 5dr Auto,"6,216.97",BLUE,32749,CAR,2020-06-17,"https://stoneacre.test/images/IN16VVP_1.jpg,https://stoneacre.test/images/IN16VVP_2.jpg,https://stoneacre.test/images/IN16VVP_3.jpg,"
YI04YDD,Renault,Kadjar,Dynamique Nav,1.5 dCi Dynamique Nav 5dr,"3,788.30",GREY,88459,CAR,2020-02-29,"https://stoneacre.test/images/YI04YDD_1.jpg,https://stoneacre.test/images/YI04YDD_2.jpg,https://stoneacre.test/images/YI04YDD_3.jpg,"
QY10NDT,MG,ZS,Excite,1.0T GDi Excite 5dr DCT,"6,659.52",BLACK,19214,CAR,2019-02-07,"https://stoneacre.test/images/QY10NDT_1.jpg,https://stoneacre.test/images/QY10NDT_2.jpg,https://stoneacre.test/images/QY10NDT_3.jpg,"
JU50KFP,Ford,Fiesta,ST-3,1.6 EcoBoost ST-3 3dr,"3,234.94",SILVER,43018,CAR,2018-11-05,"https://stoneacre.test/images/JU50KFP_1.jpg,https://stoneacre.test/images/JU50KFP_2.jpg,https://stoneacre.test/images/JU50KFP_3.jpg,"
FN08UXX,Kia,Sportage,GT-Line,1.6 CRDi ISG GT-Line 5dr DCT Auto [AWD],"4,134.23",PURPLE,81480,CAR,2020-08-30,"https://stoneacre.test/images/FN08UXX_1.jpg,https://stoneacre.test/images/FN08UXX_2.jpg,https://stoneacre.test/images/FN08UXX_3.jpg,"
EW56JJG,Peugeot,2008 SUV,Allure,1.2 PureTech 110 Allure 5dr,"5,079.19",BLACK,109472,CAR,2020-01-02,"https://stoneacre.test/images/EW56JJG_1.jpg,https://stoneacre.test/images/EW56JJG_2.jpg,https://stoneacre.test/images/EW56JJG_3.jpg,"
BY66GLP,Peugeot,308,Allure,1.5 BlueHDi 130 Allure 5dr,"3,668.26",BLACK,76953,CAR,2019-08-23,"https://stoneacre.test/images/BY66GLP_1.jpg,https://stoneacre.test/images/BY66GLP_2.jpg,https://stoneacre.test/images/BY66GLP_3.jpg,"
SM06EXP,Volvo,S90,R-Design Pro,2.0 T8 [390] Hybrid R DESIGN Pro 4dr AWD Gtron,"7,553.59",WHITE,37167,CAR,2019-10-22,"https://stoneacre.test/images/SM06EXP_1.jpg,https://stoneacre.test/images/SM06EXP_2.jpg,https://stoneacre.test/images/SM06EXP_3.jpg,"
MM12HYT,Audi,Q2,S Line,30 TDI S Line 5dr S Tronic,"3,245.00",SILVER,52399,CAR,2019-03-21,"https://stoneacre.test/images/MM12HYT_1.jpg,https://stoneacre.test/images/MM12HYT_2.jpg,https://stoneacre.test/images/MM12HYT_3.jpg,"
YC52HEF,Vauxhall,Corsa,Design,1.3 CDTI [95] ecoFLEX Design 5dr,"5,836.59",YELLOW,104348,CAR,2020-04-22,"https://stoneacre.test/images/YC52HEF_1.jpg,https://stoneacre.test/images/YC52HEF_2.jpg,https://stoneacre.test/images/YC52HEF_3.jpg,"
HY08QED,Nissan,X-Trail,Tekna,1.6 dCi Tekna 5dr Xtronic,"2,236.14",SILVER,69327,CAR,2018-02-27,"https://stoneacre.test/images/HY08QED_1.jpg,https://stoneacre.test/images/HY08QED_2.jpg,https://stoneacre.test/images/HY08QED_3.jpg,"
MN68JLQ,Ford,Fiesta,Zetec,1.25 82 Zetec 5dr,"3,062.80",WHITE,84320,CAR,2020-08-14,"https://stoneacre.test/images/MN68JLQ_1.jpg,https://stoneacre.test/images/MN68JLQ_2.jpg,https://stoneacre.test/images/MN68JLQ_3.jpg,"
UQ60JXP,Ford,Mondeo,Zetec,2.0 TDCi ECOnetic Zetec 5dr,"3,896.62",GREY,69719,CAR,2018-10-07,"https://stoneacre.test/images/UQ60JXP_1.jpg,https://stoneacre.test/images/UQ60JXP_2.jpg,https://stoneacre.test/images/UQ60JXP_3.jpg,"
FF16CRD,Renault,Captur,Signature X Nav,1.5 dCi 90 Signature X Nav 5dr,"7,031.03",WHITE,103781,CAR,2019-07-11,"https://stoneacre.test/images/FF16CRD_1.jpg,https://stoneacre.test/images/FF16CRD_2.jpg,https://stoneacre.test/images/FF16CRD_3.jpg,"
NT68JDJ,Mazda,CX-30,GT Sport Tech,2.0 Skyactiv-X MHEV GT Sport Tech 5dr,"3,239.80",BLACK,93111,CAR,2020-04-12,"https://stoneacre.test/images/NT68JDJ_1.jpg,https://stoneacre.test/images/NT68JDJ_2.jpg,https://stoneacre.test/images/NT68JDJ_3.jpg,"
DD16JBF,Ford,Kuga,ST-Line,2.0 TDCi 180 ST-Line 5dr,"2,130.56",PURPLE,43973,CAR,2019-02-09,"https://stoneacre.test/images/DD16JBF_1.jpg,https://stoneacre.test/images/DD16JBF_2.jpg,https://stoneacre.test/images/DD16JBF_3.jpg,"
NR58QCE,Volvo,S90,Inscription Pro,2.0 T8 [390] Hybrid Inscription Pro 4dr AWD Gtron,"5,598.09",BLACK,9941,CAR,2019-08-12,
TX02PBK,Volvo,XC70,SE Nav,D4 [181] SE Nav 5dr AWD,"5,497.25",GREY,95976,CAR,2018-04-02,"https://stoneacre.test/images/TX02PBK_1.jpg,https://stoneacre.test/images/TX02PBK_2.jpg,https://stoneacre.test/images/TX02PBK_3.jpg,"
IQ10VSC,SEAT,Alhambra,SE,2.0 TDI CR Ecomotive SE [150] 5dr,"1,754.33",RED,101529,CAR,2018-10-26,"https://stoneacre.test/images/IQ10VSC_1.jpg,https://stoneacre.test/images/IQ10VSC_2.jpg,https://stoneacre.test/images/IQ10VSC_3.jpg,"
RW54RHW,Fiat,500X,S Design,1.0 S Design 5dr,"7,685.49",SILVER,4587,CAR,2018-09-21,"https://stoneacre.test/images/RW54RHW_1.jpg,https://stoneacre.test/images/RW54RHW_2.jpg,https://stoneacre.test/images/RW54RHW_3.jpg,"
PX52HPK,Ford,EcoSport,ST-Line,1.0 EcoBoost 125 ST-Line 5dr Auto,"7,543.01",WHITE,100382,CAR,2018-09-10,"https://stoneacre.test/images/PX52HPK_1.jpg,https://stoneacre.test/images/PX52HPK_2.jpg,https://stoneacre.test/images/PX52HPK_3.jpg,"
OB58REM,Mazda,CX-5,Sport Nav,2.2d [175] Sport Nav 5dr AWD,"1,213.22",PURPLE,67618,CAR,2019-12-10,"https://stoneacre.test/images/OB58REM_1.jpg,https://stoneacre.test/images/OB58REM_2.jpg,https://stoneacre.test/images/OB58REM_3.jpg,"
VY68SXI,Dacia,Sandero Stepway,Essential,0.9 TCe Essential 5dr,"1,364.95",YELLOW,44138,CAR,2018-07-25,"https://stoneacre.test/images/VY68SXI_1.jpg,https://stoneacre.test/images/VY68SXI_2.jpg,https://stoneacre.test/images/VY68SXI_3.jpg,"
HC68LEW,Vauxhall,Corsa,Energy,1.4 Energy 3dr [AC],"4,355.44",RED,0,CAR,2018-03-15,"https://stoneacre.test/images/HC68LEW_1.jpg,https://stoneacre.test/images/HC68LEW_2.jpg,https://stoneacre.test/images/HC68LEW_3.jpg,"
GH54WBM,Jeep,Compass,Longitude,1.6 Multijet 120 Longitude 5dr [2WD],"4,071.95",WHITE,117824,CAR,2019-12-19,"https://stoneacre.test/images/GH54WBM_1.jpg,https://stoneacre.test/images/GH54WBM_2.jpg,https://stoneacre.test/images/GH54WBM_3.jpg,"
LX08RLE,Volkswagen,UP,Tech High Up,1.0 BlueMotion Tech High Up 5dr,"7,860.05",YELLOW,33620,CAR,2020-10-21,"https://stoneacre.test/images/LX08RLE_1.jpg,https://stoneacre.test/images/LX08RLE_2.jpg,https://stoneacre.test/images/LX08RLE_3.jpg,"
NU10WNR,Nissan,Micra,Acenta,0.9 IG-T Acenta 5dr,"7,107.91",SILVER,45878,CAR,2019-03-05,"https://stoneacre.test/images/NU10WNR_1.jpg,https://stoneacre.test/images/NU10WNR_2.jpg,https://stoneacre.test/images/NU10WNR_3.jpg,"
QM14UVH,Fiat,500,Pop,1.2 Pop 3dr,"6,271.34",BLUE,80612,CAR,2020-11-12,"https://stoneacre.test/images/QM14UVH_1.jpg,https://stoneacre.test/images/QM14UVH_2.jpg,https://stoneacre.test/images/QM14UVH_3.jpg,"
GB54GJX,Ford,C-Max,Titanium X,1.6 EcoBoost Titanium X 5dr,"3,255.23",WHITE,63405,CAR,2020-02-10,"https://stoneacre.test/images/GB54GJX_1.jpg,https://stoneacre.test/images/GB54GJX_2.jpg,https://stoneacre.test/images/GB54GJX_3.jpg,"
TR18LTJ,Jaguar,F-Type,R-Dynamic,2.0 R-Dynamic 2dr Auto,"2,713.13",WHITE,24829,CAR,2018-02-27,"https://stoneacre.test/images/TR18LTJ_1.jpg,https://stoneacre.test/images/TR18LTJ_2.jpg,https://stoneacre.test/images/TR18LTJ_3.jpg,"
YS08JSC,Fiat,500,Pop,1.2 Pop 3dr,"3,083.29",BLUE,109808,CAR,2020-08-04,"https://stoneacre.test/images/YS08JSC_1.jpg,https://stoneacre.test/images/YS08JSC_2.jpg,https://stoneacre.test/images/YS08JSC_3.jpg,"
WM12GCL,Honda,Jazz,SE,1.3 SE 5dr,"7,319.04",GREY,115163,CAR,2019-06-16,"https://stoneacre.test/images/WM12GCL_1.jpg,https://stoneacre.test/images/WM12GCL_2.jpg,https://stoneacre.test/images/WM12GCL_3.jpg,"
UN08GKP,Ford,Fiesta,Titanium,1.5 TDCi 120 Titanium 5dr,"5,301.52",WHITE,25848,CAR,2020-03-28,"https://stoneacre.test/images/UN08GKP_1.jpg,https://stoneacre.test/images/UN08GKP_2.jpg,https://stoneacre.test/images/UN08GKP_3.jpg,"
EX64WMN,Ford,C-Max,Titanium,1.0 EcoBoost 125 Titanium X 5dr,"1,544.04",WHITE,88254,CAR,2018-02-28,"https://stoneacre.test/images/EX64WMN_1.jpg,https://stoneacre.test/images/EX64WMN_2.jpg,https://stoneacre.test/images/EX64WMN_3.jpg,"
IJ56NLO,Volvo,V40,Cross Country Pro,T3 [152] Cross Country Pro 5dr Geartronic,"2,576.71",PURPLE,70657,CAR,2019-02-21,
KG02WDC,Hyundai,i10,Premium SE,Hyundai i10 Premium SE 1.2 5dr,"2,216.87",RED,56379,CAR,2020-08-07,"https://stoneacre.test/images/KG02WDC_1.jpg,https://stoneacre.test/images/KG02WDC_2.jpg,https://stoneacre.test/images/KG02WDC_3.jpg,"
KT02WPM,Fiat,500,Riva,1.2 Riva 3dr,"5,746.82",BLUE,99631,CAR,2018-09-30,"https://stoneacre.test/images/KT02WPM_1.jpg,https://stoneacre.test/images/KT02WPM_2.jpg,https://stoneacre.test/images/KT02WPM_3.jpg,"
KX08STI,Honda,CR-V Hybrid,SE,2.0 i-MMD Hybrid SE 5dr eCVT,"4,253.96",SILVER,22912,CAR,2018-12-29,"https://stoneacre.test/images/KX08STI_1.jpg,https://stoneacre.test/images/KX08STI_2.jpg,https://stoneacre.test/images/KX08STI_3.jpg,"
NI60WJI,Vauxhall,Mokka X,Elite,1.4T Elite Nav 5dr,"3,838.90",BLUE,19607,CAR,2019-06-27,"https://stoneacre.test/images/NI60WJI_1.jpg,https://stoneacre.test/images/NI60WJI_2.jpg,https://stoneacre.test/images/NI60WJI_3.jpg,"
BR12PJM,Suzuki,Swift,SZ5,1.0 Boosterjet SHVS SZ5 5dr,"1,878.05",BLUE,0,CAR,2019-08-27,"https://stoneacre.test/images/BR12PJM_1.jpg,https://stoneacre.test/images/BR12PJM_2.jpg,https://stoneacre.test/images/BR12PJM_3.jpg,"
OQ18WCG,Ford,Kuga,Titanium,2.0 TDCi 180 Titanium 5dr,"5,086.99",SILVER,52716,CAR,2018-05-02,"https://stoneacre.test/images/OQ18WCG_1.jpg,https://stoneacre.test/images/OQ18WCG_2.jpg,https://stoneacre.test/images/OQ18WCG_3.jpg,"
SB58YND,Kia,Proceed,GT-Line,1.4T GDi ISG GT-Line 5dr,"2,600.60",RED,0,CAR,2019-07-08,"https://stoneacre.test/images/SB58YND_1.jpg,https://stoneacre.test/images/SB58YND_2.jpg,https://stoneacre.test/images/SB58YND_3.jpg,"
GP18BGG,Volvo,V40,R-Design Edition,T3 [152] R-Design Edition 5dr,"4,713.25",WHITE,41635,CAR,2020-03-18,"https://stoneacre.test/images/GP18BGG_1.jpg,https://stoneacre.test/images/GP18BGG_2.jpg,https://stoneacre.test/images/GP18BGG_3.jpg,"
PU10VGK,Alfa Romeo,Giulia,Veloce,2.0 TB 280 Veloce 4dr Auto,"6,722.00",RED,60723,CAR,2018-12-07,"https://stoneacre.test/images/PU10VGK_1.jpg,https://stoneacre.test/images/PU10VGK_2.jpg,https://stoneacre.test/images/PU10VGK_3.jpg,"
BR16XYY,Volvo,S60,R-Design Plus,2.0 T5 R Design Plus 4dr Auto,"5,765.81",WHITE,38954,CAR,2019-10-01,"https://stoneacre.test/images/BR16XYY_1.jpg,https://stoneacre.test/images/BR16XYY_2.jpg,https://stoneacre.test/images/BR16XYY_3.jpg,"
MF02YRM,Volvo,V40,R-Design Edition,D2 [122] R-Design Edition 5dr Geartronic,"7,186.50",SILVER,0,CAR,2018-12-25,"https://stoneacre.test/images/MF02YRM_1.jpg,https://stoneacre.test/images/MF02YRM_2.jpg,https://stoneacre.test/images/MF02YRM_3.jpg,"
SJ58UFO,Ford,Kuga,Titanium,1.5 TDCi Titanium 5dr 2WD,"7,723.55",BLACK,70278,CAR,2020-07-05,"https://stoneacre.test/images/SJ58UFO_1.jpg,https://stoneacre.test/images/SJ58UFO_2.jpg,https://stoneacre.test/images/SJ58UFO_3.jpg,"
QH56VYH,Mitsubishi,L200,Barbarian,Double Cab DI-D 178 Barbarian 4WD Auto,"1,943.81",YELLOW,26783,CAR,2020-07-11,"https://stoneacre.test/images/QH56VYH_1.jpg,https://stoneacre.test/images/QH56VYH_2.jpg,https://stoneacre.test/images/QH56VYH_3.jpg,"
,MG,ZS,Excite,1.0T GDi Excite 5dr DCT,"5,301.43",PURPLE,12336,CAR,2018-08-25,"https://stoneacre.test/images/IE62CRR_1.jpg,https://stoneacre.test/images/IE62CRR_2.jpg,https://stoneacre.test/images/IE62CRR_3.jpg,"